{"sane": true, "normalizes": true, "range": true, "log_prob": -1042.6386230140924, "avg_log_prob": -2.085277246028185, "perplexity": 8.046822121938147}