{"sane": true, "normalizes": true, "range": true, "log_prob": -848.336807128042, "avg_log_prob": -1.6966736142560839, "perplexity": 5.455769181791184}